asset,ret_1m,ret_3m,ret_6m,ret_12m,rel_strength_6m,vol_3m,dist_52w_high,rsi14,above_200d,z_1m_move,volume_trend,flags,momentum_rank
XLK,0.023099484370108225,0.3051350371890944,0.3148552628223975,0.98580767998499,0.3608821526937538,0.33755674580005984,-0.010670293588378454,55.56648783525368,True,0.0932162147513586,0.9822578851770783,at 52w high,1
XLI,0.2537745750124121,0.12184513405355579,0.0880666230345506,0.6062129827863205,0.13409351290590688,0.4089824215808592,-0.05293242709303614,67.54582648299353,True,2.878885672067356,0.9158550619762753,unusual strength,2
XLF,0.11514738292248894,0.19662020424939808,0.1850934761303773,0.2003028452625546,0.23112036600173358,0.2832840356873169,0.0,65.36796710189395,True,1.2838913465190862,0.9370450760667122,at 52w high,2
XLV,-0.0389468559658408,-0.00498369350520611,-0.02238572791019089,0.23118403595377823,0.02364116196116539,0.2629243722868694,-0.17817472309994165,46.31314209033383,False,-0.6689583849029386,1.000034839219194,,4
XLB,-0.05394595395435475,-0.09806575032509579,-0.04258632951152774,0.16782331472601908,0.0034405603598285373,0.2249040177536934,-0.23052704644189148,35.82659381760001,False,-0.8544397253268301,1.02671256786256,,5
XLY,-0.033568795305216836,-0.07544719053555515,-0.08233744011757094,0.09982828179432879,-0.03631055024621466,0.1847862424666949,-0.18130501937097643,42.98088147685565,False,-0.47445692025446706,0.9955012755148391,,5
XLE,0.022764157576117494,-0.04249070688514267,-0.12337582054799068,-0.01002140428003484,-0.0773489306766344,0.29110195154421975,-0.21757889070961534,55.343612867590586,False,0.13919505218279415,1.0836789573121262,,7
XLP,0.00514980482394245,0.02451389578175056,-0.19129412006073754,-0.48234029696146896,-0.14526723018938126,0.3047116904792334,-0.4665726343524974,48.369827654665514,False,-0.044922118943563995,0.9125785509743163,broken trend,8
XLU,0.024658372777408344,-0.09456538561538175,-0.18505373731558783,0.093095847034671,-0.13902684744423155,0.20313976857292626,-0.21220154919091638,48.27349378953463,False,0.3268308515480093,0.9202277039502277,,9
