rank,strategy,status,score,wf_sharpe,wf_cagr,wf_max_dd,benchmark_sharpe,dsr,psr,robustness,cost_x2_sharpe,annual_turnover,main_issue
1,donchian_breakout,PROMISING,58.8,0.6055374143818788,0.03837322381063113,0.16379453103279362,0.4699410460648365,0.2936879108627359,0.9967871601639963,0.8725762310396357,0.5968924371149488,1.961780118470319,Deflated Sharpe (multiple-testing adjusted) (0.29 vs >= 0.9)
2,vol_managed+voltarget,PROMISING,56.9,0.5968104877811024,0.041193219766350264,0.204621723725524,0.4699410460648365,0.2800897273815876,0.9964165134583026,0.9659928623846715,0.58730736867474,2.569878489597247,Deflated Sharpe (multiple-testing adjusted) (0.28 vs >= 0.9)
3,low_vol+voltarget,PROMISING,53.0,0.5732584592827057,0.04830473161517568,0.2702333151255053,0.4699410460648365,0.24556622558444624,0.9950911673848789,0.8422128142130317,0.5624366616164065,3.3276990128517285,Deflated Sharpe (multiple-testing adjusted) (0.25 vs >= 0.9)
4,vol_managed+regime,PROMISING,52.9,0.5224186811715891,0.03851377246180432,0.20664368965462598,0.4699410460648365,0.18098226913463267,0.9903088068258895,0.9727326494309243,0.5114725794699806,3.082475883882237,Deflated Sharpe (multiple-testing adjusted) (0.18 vs >= 0.9)
5,trend_tsmom,PROMISING,50.8,0.5170042379434218,0.02980330429805056,0.26335548702071765,0.4699410460648365,0.17371132963722352,0.9899133120214573,0.9131301795832305,0.5068271810966307,2.162076596378213,Deflated Sharpe (multiple-testing adjusted) (0.17 vs >= 0.9)
6,rsi_pullback+regime,PROMISING,49.6,0.5115979800981996,0.021391530397403713,0.12497367065667742,0.4699410460648365,0.16527845233355865,0.9898435636019284,0.6967221185399569,0.4223642490844678,13.268118493625435,Deflated Sharpe (multiple-testing adjusted) (0.17 vs >= 0.9)
7,vol_managed,REJECTED,59.2,0.6715467498418943,0.06450827049755925,0.31164254751107767,0.4699410460648365,0.4030365361964928,0.9987420546785943,0.9883810583783282,0.6648820838317836,2.4693449000836494,Max drawdown (31.2% vs < 30%)
8,xs_momentum+regime,REJECTED,58.2,0.6805238055065266,0.11286234762740954,0.4033573703272849,0.4699410460648365,0.4184090409368254,0.9989462378591821,0.8745052741495478,0.663670835945964,8.148664114992107,Max drawdown (40.3% vs < 30%)
9,xs_momentum+voltarget,REJECTED,55.9,0.6386928689259987,0.059131551295008355,0.30990644477732765,0.4699410460648365,0.3464632436840256,0.9980436619329449,0.8620437366740898,0.6241408978538364,4.618093037635864,Max drawdown (31.0% vs < 30%)
10,xs_momentum,REJECTED,53.9,0.6570299792841109,0.12019636096753294,0.4472577384001445,0.4699410460648365,0.3774705216156258,0.9985046022617355,0.8457486427063581,0.6460266211374449,6.2670095535758,Max drawdown (44.7% vs < 30%)
11,low_vol,REJECTED,42.2,0.4360459060671135,0.0666925975451651,0.5438772299408792,0.4699410460648365,0.09590056758763588,0.9751287549330706,0.8989064844739196,0.4293100466102884,3.7276871123569784,Walk-forward Sharpe (0.44 vs >= 0.5)
12,low_vol+regime,REJECTED,42.2,0.42303357847591627,0.05320071712623986,0.4542894472258926,0.4699410460648365,0.08645246874970602,0.9714384774575545,0.867798054579194,0.4105816530776142,5.6361010895838355,Walk-forward Sharpe (0.42 vs >= 0.5)
13,rsi_pullback+voltarget,REJECTED,40.4,0.41874591343416917,0.019987159941854404,0.21627924907041385,0.4699410460648365,0.08264539069458615,0.9706401896933736,0.5301619277371286,0.31957575024672363,17.03438159224544,Walk-forward Sharpe (0.42 vs >= 0.5)
14,xs_reversal+voltarget,REJECTED,39.3,0.3838101138005341,0.03115022729210626,0.3043446545158093,0.4699410460648365,0.06158532652021783,0.9580546162044279,0.6463270267116845,0.2999089748680035,24.40104626501824,Walk-forward Sharpe (0.38 vs >= 0.5)
15,rsi_pullback,REJECTED,33.0,0.267727818220349,0.011161305856627113,0.2186948855578017,0.4699410460648365,0.0193723697015977,0.8863238007167737,0.5529818782344665,0.16735854732354263,15.701140010237065,Walk-forward Sharpe (0.27 vs >= 0.5)
16,xs_reversal+regime,REJECTED,31.2,0.2845215537236125,0.0362392549429047,0.5705735391499165,0.4699410460648365,0.02341929464877785,0.8998569027404713,0.7882774073307595,0.20204649147920875,43.750095897489146,Walk-forward Sharpe (0.28 vs >= 0.5)
17,xs_reversal,REJECTED,30.6,0.25751490611909084,0.03333620388222558,0.6359319405898546,0.4699410460648365,0.017494872697924962,0.8767116572750523,0.7628715799576501,0.1715305310631742,57.81713998579025,Walk-forward Sharpe (0.26 vs >= 0.5)
18,turn_of_month,REJECTED,7.4,0.015174539553154166,-0.004020492747790372,0.5962116585552939,0.4699410460648365,0.0006835679634145598,0.5272402197204471,0.0,-0.04849613978286783,23.316901408450704,Walk-forward Sharpe (0.02 vs >= 0.5)
19,pairs_stat_arb,REJECTED,6.6,-0.2326237343221741,-0.01243369486552448,0.36550220543526923,0.4699410460648365,6.084371863692335e-06,0.14424899792365076,0.0,-0.28958599945435454,8.294554831097077,Walk-forward Sharpe (-0.23 vs >= 0.5)
