,start,end,years,total_return,cagr,ann_vol,sharpe,sortino,max_drawdown,max_dd_duration_days,calmar,skew,kurtosis,var_95,cvar_95,best_day,worst_day,pct_positive_days,positive_years,worst_year,psr,n_trades,win_rate,profit_factor,avg_trade_bars,annual_turnover,annual_cost_drag,avg_gross_exposure,avg_net_exposure,time_in_market,benchmark_cagr,benchmark_sharpe,benchmark_max_drawdown,beta,alpha_ann,correlation,tracking_error,information_ratio,excess_cagr
trend_tsmom,2006-02-27,2025-09-30,20.285714285714285,0.814386059067534,0.02980330429805056,0.060326343425405986,0.5170042379434218,0.7441198034098008,0.26335548702071765,4427,0.11316758437505421,-0.054654874153845776,8.300853539599153,0.0056497258263075055,0.008928344148336934,0.035587731560609015,-0.0368734090298084,0.5050860719874805,0.6,-0.07449525563742632,0.9899133120214573,357,0.39775910364145656,1.8208922136025083,73.02240896358543,2.162076596378213,0.0006148075876127103,0.2780061644731026,0.2780061644731026,0.9647887323943662,0.06596841025144262,0.4699410460648365,0.5044231218649535,0.26411268804058635,0.01072376167121143,0.7218814785122467,0.1283182806961719,-0.36080360267008305,-0.03616510595339206
donchian_breakout,2006-02-27,2025-09-30,20.285714285714285,1.1465550702284126,0.03837322381063113,0.06575825183144675,0.6055374143818788,0.8887258531211105,0.16379453103279362,3849,0.23427658767769452,0.09934252951060227,12.098205327329126,0.006072161206378823,0.009826613717597514,0.039441226217128866,-0.045604647041949886,0.4692879499217527,0.7,-0.05914214131288853,0.9967871601639963,273,0.45054945054945056,2.065511143177674,72.01098901098901,1.961780118470319,0.0005672246161118202,0.2691826560382323,0.2691826560382323,0.9019953051643192,0.06596841025144262,0.4699410460648365,0.5044231218649535,0.25596584773358755,0.01998513980120357,0.6418231834352457,0.13264027869735356,-0.2839830536833742,-0.027595186440811492
xs_momentum,2006-02-27,2025-09-30,20.285714285714285,8.999244665708426,0.12019636096753294,0.20457419074317482,0.6570299792841109,0.9756642917147549,0.4472577384001445,2974,0.26874070731001604,0.20756299796507913,2.7772455329926817,0.019365016671544173,0.027924091652222125,0.08869900900019245,-0.06104107537461678,0.5043035993740219,0.75,-0.2063003571584504,0.9985046022617355,238,0.46638655462184875,1.9772342828658789,75.26890756302521,6.2670095535758,0.002264159489321479,0.9248209905395243,0.9248209905395243,0.9745696400625978,0.06596841025144262,0.4699410460648365,0.5044231218649535,0.9147534120573696,0.06353017763100108,0.7372874342367488,0.13891899336744495,0.40976904418900706,0.05422795071609032
rsi_pullback,2006-02-27,2025-09-30,20.285714285714285,0.2525241580385533,0.011161305856627113,0.04528695072654755,0.267727818220349,0.3860993021917353,0.2186948855578017,4530,0.05103597108894047,0.21595169663611408,14.573712377483389,0.0040246911620816835,0.007178518478096188,0.02771943303073221,-0.022849422620467075,0.30164319248826293,0.5,-0.07395564592653703,0.8863238007167737,1412,0.6883852691218131,1.14414210321766,4.473087818696884,15.701140010237065,0.004572696874336688,0.13703164667036616,0.13703164667036616,0.5330594679186228,0.06596841025144262,0.4699410460648365,0.5044231218649535,0.12908204420892735,0.0021224383395994657,0.4699767685374253,0.1490619963685689,-0.43848934171450654,-0.05480710439481551
xs_reversal,2006-02-27,2025-09-30,20.285714285714285,0.9449209428585119,0.03333620388222558,0.2316126427306933,0.25751490611909084,0.3651471632137729,0.6359319405898546,4570,0.05242102456955503,-0.0895369333732471,2.7121358890037826,0.023200726836678932,0.03275906740186605,0.08272411897619425,-0.10789557115440818,0.5138888888888888,0.55,-0.2526670981813015,0.8767116572750523,1458,0.5768175582990398,1.104957733753393,8.799039780521262,57.81713998579025,0.02114178076051706,0.9998043818466353,0.9998043818466353,0.9998043818466353,0.06596841025144262,0.4699410460648365,0.5044231218649535,0.9989181026545213,-0.017759132599368857,0.7111336961278523,0.1628369415149901,-0.10957565930298083,-0.03263220636921704
pairs_stat_arb,2006-02-27,2025-09-30,20.285714285714285,-0.22415890535574823,-0.01243369486552448,0.04867117244339769,-0.2326237343221741,-0.3102023511488136,0.36550220543526923,6070,-0.034018111739483055,-1.9440571081846008,47.60306522493375,0.004694566226816621,0.007872505103718133,0.029281357115209072,-0.06504690403464264,0.2505868544600939,0.3,-0.07439690557598311,0.14424899792365076,500,0.552,0.8794417006098412,11.884,8.294554831097077,0.002475202044893433,0.1954177951533041,-0.01040238060209901,0.475547730829421,0.06596841025144262,0.4699410460648365,0.5044231218649535,-0.010931569421711956,-0.010475018940560665,-0.037033464717494274,0.17363945122404686,-0.5114548706284885,-0.0784021051169671
low_vol,2006-02-27,2025-09-30,20.285714285714285,2.705073675472379,0.0666925975451651,0.189080768864277,0.4360459060671135,0.6256264934097089,0.5438772299408792,4337,0.1226243605609574,-0.0237986406948484,3.033942075748371,0.018050583475808152,0.026659911925724374,0.08209733711817635,-0.07271357444240789,0.5168231611893583,0.65,-0.23307652727697858,0.9751287549330706,162,0.5432098765432098,1.9909110035908522,144.85802469135803,3.7276871123569784,0.0012771064420548425,0.9998043818466353,0.9998043818466353,0.9998043818466353,0.06596841025144262,0.4699410460648365,0.5044231218649535,0.9452378972375107,0.009204555164202741,0.8242850093509041,0.10743294706577798,0.046179706883378545,0.000724187293722478
vol_managed,2006-02-27,2025-09-30,20.285714285714285,2.5541656702464897,0.06450827049755925,0.10063696173928224,0.6715467498418943,0.9788063430058931,0.31164254751107767,3566,0.2069944268289176,0.029012521077192578,5.042735029298283,0.009599084081524555,0.014411223808763626,0.050675020934138226,-0.04689076451737684,0.5213223787167449,0.65,-0.14037543957315535,0.9987420546785943,9,,,5111.0,2.4693449000836494,0.0006704175023723027,0.5318106459059746,0.5318106459059746,0.9998043818466353,0.06596841025144262,0.4699410460648365,0.5044231218649535,0.5060164527118175,0.028372893077942083,0.8290691533743395,0.0989982573597207,-0.10004467622302449,-0.0014601397538833716
turn_of_month,2006-02-27,2025-09-30,20.285714285714285,-0.07847277746309755,-0.004020492747790372,0.1061513659039704,0.015174539553154166,0.021259857769177142,0.5962116585552939,5291,-0.006743398405748389,-0.13786173004940738,21.139561954580312,0.009898527535545515,0.017515195091173743,0.0811652634382285,-0.07647271608892336,0.19464006259780908,0.5,-0.20636015089794424,0.5272402197204471,2133,0.5021097046413502,0.9841380273522895,7.248945147679325,23.316901408450704,0.00681774446056987,0.3360719874804382,0.3360719874804382,0.3360719874804382,0.06596841025144262,0.4699410460648365,0.5044231218649535,0.33742701076344567,-0.024535298402634798,0.5241286426103337,0.14180260228644614,-0.5350809777127499,-0.069988902999233
xs_momentum+regime,2006-02-27,2025-09-30,20.285714285714285,7.751811636714283,0.11286234762740954,0.181265497676239,0.6805238055065266,1.0143177806683816,0.4033573703272849,2100,0.279807327025741,0.21695135943146124,4.263898023454668,0.017870558592633,0.025821188806013886,0.08938763707623143,-0.06833796564708383,0.3640453834115806,0.7,-0.17493384274308965,0.9989462378591821,245,0.5102040816326531,1.8955824154083338,43.46938775510204,8.148664114992107,0.003100629662728309,0.6944444444444443,0.6944444444444443,0.6944444444444444,0.06596841025144262,0.4699410460648365,0.5044231218649535,0.6200892288993971,0.07530683486711484,0.5640565877434013,0.1622570766818533,0.2826922193441906,0.04689393737596692
xs_momentum+voltarget,2006-02-27,2025-09-30,20.285714285714285,2.207204553498147,0.059131551295008355,0.09737204334663001,0.6386928689259987,0.9388861397682342,0.30990644477732765,3637,0.1908045227568444,0.21544376050655806,4.4577618624956985,0.00947750732185163,0.013640722579804919,0.05350775774149774,-0.033994263846068185,0.5240610328638498,0.8,-0.18894116747776424,0.9980436619329449,208,0.5240384615384616,2.0403654279927226,73.71634615384616,4.618093037635864,0.0014191945995535233,0.4271544174089307,0.4271544174089307,0.9998043818466353,0.06596841025144262,0.4699410460648365,0.5044231218649535,0.4154025136220304,0.030002670909484785,0.7034260902226014,0.11866457743705523,-0.12889982660615548,-0.006836858956434266
rsi_pullback+regime,2006-02-27,2025-09-30,20.285714285714285,0.5362836309237118,0.021391530397403713,0.043195119580647104,0.5115979800981996,0.7632289422081032,0.12497367065667742,909,0.17116829717012677,0.5965365224029608,17.389945787868704,0.0036854944268857434,0.006723894866454777,0.030640413455547355,-0.02179449950448198,0.2591940532081377,0.7,-0.056856055971313935,0.9898435636019284,1192,0.6946308724832215,1.3339087015727333,4.840604026845638,13.268118493625435,0.003872047422538758,0.12528567414502723,0.12528567414502723,0.45755086071987483,0.06596841025144262,0.4699410460648365,0.5044231218649535,0.10827535911197814,0.013708638563232962,0.4133125457569667,0.15220298123451564,-0.36390967376173283,-0.04457687985403891
rsi_pullback+voltarget,2006-02-27,2025-09-30,20.285714285714285,0.49399699499820127,0.019987159941854404,0.05027818106083903,0.41874591343416917,0.6113243045115789,0.21627924907041385,3549,0.09241367365459643,0.2691598681392967,11.758848177629083,0.004540720576828289,0.007789166654248552,0.03064061073655533,-0.0240125407318299,0.35426447574334896,0.55,-0.07401518015773989,0.9706401896933736,1534,0.6890482398956975,1.211246457118634,4.970664928292047,17.03438159224544,0.005021286563163107,0.1648561862099132,0.1648561862099132,0.6294992175273866,0.06596841025144262,0.4699410460648365,0.5044231218649535,0.15594472097944148,0.008970145226357692,0.5114165239116387,0.1457251352075644,-0.38725570739505505,-0.04598125030958822
xs_reversal+regime,2006-02-27,2025-09-30,20.285714285714285,1.0588180141009698,0.0362392549429047,0.18582918616306468,0.2845215537236125,0.4077192039086141,0.5705735391499165,4558,0.0635137321595682,-0.016929973771786917,6.155518807870928,0.01950240615118993,0.027883278422590696,0.09154232558653574,-0.10789557115440818,0.3458528951486698,0.5,-0.261691128433849,0.8998569027404713,998,0.5741482965931863,1.1311888679261222,7.874749498997996,43.750095897489146,0.016054139338352928,0.6748826291079812,0.6748826291079812,0.6748826291079812,0.06596841025144262,0.4699410460648365,0.5044231218649535,0.5716932092369574,0.008573803914270232,0.5072624846283302,0.17502624417952306,-0.1406318493277998,-0.029729155308537925
xs_reversal+voltarget,2006-02-27,2025-09-30,20.285714285714285,0.8631383528941496,0.03115022729210626,0.09062113062910768,0.3838101138005341,0.5509292481124661,0.3043446545158093,4362,0.10235181341254065,0.04322466753748521,4.7945969898657514,0.008874619183390664,0.013021894191987866,0.04942749587252426,-0.04322263134165727,0.5158450704225352,0.65,-0.12372495830695907,0.9580546162044279,1486,0.5807537012113055,1.1739271749396758,8.633916554508748,24.40104626501824,0.007712812914813755,0.3853308681207811,0.3853308681207811,0.9998043818466353,0.06596841025144262,0.4699410460648365,0.5044231218649535,0.37510139942847115,0.0057159469148012725,0.6825002959723956,0.1224888542272797,-0.34864696044461085,-0.03481818295933636
low_vol+regime,2006-02-27,2025-09-30,20.285714285714285,1.8619014781749201,0.05320071712623986,0.14867431168058848,0.42303357847591627,0.6069461607453913,0.4542894472258926,3612,0.11710753452696016,-0.0653514857162958,4.6328156270953915,0.014727414007410377,0.022236254407200375,0.07308113725389176,-0.06074771472766405,0.35778560250391234,0.65,-0.20008329188214624,0.9714384774575545,235,0.4340425531914894,1.6157532448692054,65.17872340425532,5.6361010895838355,0.0018604874321597217,0.6950312989045383,0.6950312989045383,0.6950312989045383,0.06596841025144262,0.4699410460648365,0.5044231218649535,0.5620066826228585,0.019346197959583335,0.6232885933938824,0.13686655227426447,-0.10661806580215716,-0.012767693125202761
low_vol+voltarget,2006-02-27,2025-09-30,20.285714285714285,1.6037813089329886,0.04830473161517568,0.08924181727188578,0.5732584592827057,0.8334200698584081,0.2702333151255053,3847,0.17875194845143857,0.06612114714904727,4.1323134086434035,0.00851802733766766,0.012669370628282913,0.045975628665116286,-0.03761648953512431,0.5160406885758998,0.7,-0.11181812382906753,0.9950911673848789,162,0.5617283950617284,2.6222336521994953,148.08024691358025,3.3276990128517285,0.0009670986134981002,0.46996441302190733,0.46996441302190733,0.9998043818466353,0.06596841025144262,0.4699410460648365,0.5044231218649535,0.4268300887301521,0.018084983086532593,0.7886244858432601,0.10928264972651379,-0.24091698514990656,-0.017663678636266944
vol_managed+regime,2006-02-27,2025-09-30,20.285714285714285,1.1524567070762175,0.03851377246180432,0.07820042840766728,0.5224186811715891,0.7441024763870505,0.20664368965462598,3538,0.18637768482635172,-0.29013278987694335,9.108149630793697,0.007256654332822742,0.012008925148039869,0.04495551766007555,-0.04689076451737684,0.36326291079812206,0.6,-0.06673833048321598,0.9903088068258895,252,0.4126984126984127,2.2523186415561196,125.39285714285714,3.082475883882237,0.00085759770413497,0.35939093151981044,0.35939093151981044,0.6868153364632238,0.06596841025144262,0.4699410460648365,0.5044231218649535,0.3003582620236247,0.01757960219119899,0.6333067054578512,0.13027193271956675,-0.28120645586219867,-0.027454637789638303
vol_managed+voltarget,2006-02-27,2025-09-30,20.285714285714285,1.2679609803192693,0.041193219766350264,0.0719826127032417,0.5968104877811024,0.8678004703546099,0.204621723725524,2897,0.20131401014687045,0.07623012721365885,3.5157078950768454,0.006933696106819276,0.010146363541678576,0.03549815315524696,-0.025678804716986914,0.5197574334898278,0.65,-0.07805709164545671,0.9964165134583026,9,,,5111.0,2.569878489597247,0.0006835349830732706,0.3968892932865071,0.3968892932865071,0.9998043818466353,0.06596841025144262,0.4699410460648365,0.5044231218649535,0.35770363325970533,0.01524271367557012,0.8193687219214032,0.11366101265924133,-0.30376902481510565,-0.024775190485092358
